source,target,relation,weight,directed
logic_propositional,logic_boolean_algebra,formalized_by,3,true
logic_propositional,logic_truth_tables,verified_by,2,true
logic_boolean_algebra,logic_predicate,extends,3,true
logic_predicate,logic_second_order,extends,4,true
logic_predicate,logic_quantifiers,uses,2,true
logic_predicate,logic_syntax_semantics,formalized_by,3,true
logic_syntax_semantics,logic_soundness_completeness,motivates,4,true
logic_soundness_completeness,logic_compactness_thm,implies,5,true
logic_compactness_thm,logic_lowenheim_skolem,connects_to,5,true
logic_lowenheim_skolem,logic_skolem_paradox,motivates,5,true
logic_skolem_paradox,liar_paradox,echoes,4,true
logic_syntax_semantics,model_theory_basics,founds,5,true
model_theory_basics,model_theory_elementary_equiv,defines,5,true
model_theory_elementary_equiv,nonstandard_analysis,enables,6,true
model_theory_basics,model_theory_stability,generalizes,7,true
model_theory_stability,model_theory_ominimality,specializes,6,true
logic_predicate,proof_theory_basics,defines,3,true
proof_theory_basics,hilberts_program,motivates,4,true
proof_theory_basics,gentzen_natural_deduction,formalizes,4,true
gentzen_natural_deduction,cut_elimination,proves,5,true
gentzen_natural_deduction,gentzen_consistency_pa,enables,6,true
hilberts_program,gentzen_consistency_pa,partially_achieves,6,true
gentzen_consistency_pa,ordinal_analysis,generalized_by,7,true
peano_axioms,gentzen_consistency_pa,concerns,6,true
intuitionistic_logic,curry_howard,connects_to,6,true
lambda_calculus,curry_howard,connects_to,6,true
lambda_calculus,church_turing,motivates,5,true
type_theory,martin_lof_type_theory,specializes,6,true
curry_howard,martin_lof_type_theory,generalizes,7,true
martin_lof_type_theory,homotopy_type_theory,extends,8,true
homotopy,homotopy_type_theory,inspires,8,true
turing_machine,recursion_theory,founds,5,true
church_turing,turing_machine,equivalent_to,5,true
turing_machine,halting_problem,proves,5,true
godel_incompleteness,halting_problem,connects_to,5,true
halting_problem,complexity_classes,motivates,5,true
complexity_classes,cook_levin,proves,7,true
cook_levin,p_vs_np,motivates,7,true
recursion_theory,descriptive_set_theory,used_in,6,true
cardinality,descriptive_set_theory,founds,5,true
descriptive_set_theory,determinacy_axioms,motivates,7,true
large_cardinals,determinacy_axioms,implies,8,true
zermelo_axioms,zfc_axioms,extended_by,3,true
axiom_of_replacement,zfc_axioms,included_in,3,true
axiom_of_foundation,zfc_axioms,included_in,3,true
naive_set_theory,russells_paradox,reveals_flaw_in,4,true
russells_paradox,zermelo_axioms,motivates_repair,4,true
naive_set_theory,burali_forti_paradox,reveals_flaw_in,4,true
burali_forti_paradox,ordinal_numbers,concerns,5,true
zfc_axioms,axiom_of_choice,extends,3,true
axiom_of_choice,zorn_lemma,equivalent_to,4,true
axiom_of_choice,well_ordering_theorem,equivalent_to,4,true
axiom_of_choice,banach_tarski,enables,6,true
zfc_axioms,peano_axioms,motivates,3,true
peano_axioms,naturals,axiomatizes,4,true
naturals,integers,extends,3,true
integers,rationals,extends,3,true
rationals,reals_construction,completes,4,true
reals_construction,complex_numbers,extends,3,true
zeno_paradoxes,limits_epsilon_delta,motivates_resolution,3,true
naive_set_theory,cardinality,founds,3,true
cardinality,ordinal_numbers,parallels,4,true
ordinal_numbers,transfinite_induction,enables,5,true
cardinality,cantor_diagonal,uses,4,true
cantor_diagonal,cantor_schroder_bernstein,connects_to,4,true
cantor_diagonal,continuum_hypothesis,motivates,6,true
continuum_hypothesis,generalized_ch,generalizes,6,true
logic_predicate,godel_incompleteness,proves,6,true
zfc_axioms,godel_incompleteness,applies_to,6,true
godel_incompleteness,tarski_undefinability,connects_to,6,true
liar_paradox,godel_incompleteness,inspires,6,true
liar_paradox,tarski_undefinability,formalizes,5,true
continuum_hypothesis,godel_ch_consistency,partially_resolves,6,true
zfc_axioms,godel_constructible_universe,motivates,7,true
godel_constructible_universe,godel_ch_consistency,proves,8,true
godel_ch_consistency,cohen_forcing,completes,7,true
cohen_forcing,continuum_hypothesis,proves_independent,8,true
cohen_forcing,forcing_method,generalizes,8,true
forcing_method,large_cardinals,used_to_study,7,true
zfc_axioms,large_cardinals,extends,6,true
large_cardinals,inaccessible_cardinals,specializes,6,true
inaccessible_cardinals,measurable_cardinals,extends,7,true
measurable_cardinals,woodin_cardinals,extends,8,true
woodin_cardinals,determinacy_axioms,implies,8,true
large_cardinals,inner_model_theory,studied_via,8,true
godel_constructible_universe,inner_model_theory,founds,8,true
church_turing,halting_problem,motivates,4,true
halting_problem,p_vs_np,motivates,5,true
peano_axioms,divisibility,founds,2,true
divisibility,euclidean_algorithm,proves,2,true
euclidean_algorithm,bezout_identity,proves,2,true
euclidean_algorithm,continued_fractions,generalizes,3,true
continued_fractions,pell_equation,solves,4,true
bezout_identity,fundamental_thm_arithmetic,proves,3,true
euclidean_algorithm,fundamental_thm_arithmetic,proves,3,true
fundamental_thm_arithmetic,prime_numbers,characterizes,3,true
naturals,prime_numbers,defines,2,true
prime_numbers,sieve_of_eratosthenes,enumerated_by,1,true
prime_numbers,euclid_infinitude_primes,proves,2,true
euclid_infinitude_primes,mersenne_primes,motivates,3,true
mersenne_primes,lucas_lehmer_test,tested_by,4,true
prime_numbers,perfect_numbers,relates_to,2,true
euclid_infinitude_primes,euclid_perfect_numbers,connects_to,3,true
mersenne_primes,euclid_perfect_numbers,connects_to,4,true
perfect_numbers,euclid_perfect_numbers,characterizes,4,true
perfect_numbers,amicable_numbers,generalizes,2,true
prime_numbers,modular_arithmetic,uses,2,true
modular_arithmetic,disquisitiones_arithmeticae,formalized_by,4,true
euclidean_algorithm,chinese_remainder_thm,generalizes,3,true
modular_arithmetic,chinese_remainder_thm,uses,3,true
modular_arithmetic,fermat_little_theorem,proves,3,true
fermat_little_theorem,euler_theorem_totient,generalizes,4,true
euler_totient_fn,euler_theorem_totient,defines,3,true
fermat_little_theorem,carmichael_numbers,counterexample_class,4,true
fermat_little_theorem,wilsons_theorem,connects_to,3,true
wilsons_theorem,primality_testing,motivates,3,true
primality_testing,aks_primality,culminates_in,7,true
modular_arithmetic,quadratic_residues,founds,3,true
quadratic_residues,legendre_symbol,formalized_by,3,true
legendre_symbol,jacobi_symbol,generalizes,3,true
legendre_symbol,quadratic_reciprocity,motivates,4,true
quadratic_reciprocity,gauss_sums,proved_via,5,true
quadratic_reciprocity,fermat_two_squares,connects_to,4,true
fermat_two_squares,sum_of_squares_general,generalizes,4,true
fermat_two_squares,lagrange_four_square,generalizes,3,true
lagrange_four_square,waring_problem,generalizes,5,true
waring_problem,hilbert_waring,resolved_by,6,true
pell_equation,diophantine_equations,specializes,3,true
diophantine_equations,fermat_last_theorem,generalizes,4,true
diophantine_equations,hilberts_10th_problem,motivates,6,true
hilberts_10th_problem,matiyasevich_thm,resolved_by,8,true
recursion_theory,matiyasevich_thm,used_in,7,true
modular_arithmetic,fermat_last_theorem,motivates,5,true
fermat_little_theorem,fermat_last_theorem,connects_to,4,true
fermat_last_theorem,fermat_last_n4,special_case,4,true
fermat_last_n4,kummer_ideal_numbers,generalized_by,6,true
kummer_ideal_numbers,ideal_class_group,motivates,6,true
kummer_ideal_numbers,fermat_last_theorem,partially_proves,7,true
elliptic_curves,taniyama_shimura,proves,8,true
taniyama_shimura,wiles_ribet_epsilon,combined_with,8,true
wiles_ribet_epsilon,fermat_last_theorem,proves,9,true
taniyama_shimura,fermat_last_theorem,proves,9,true
elliptic_curves,mordell_weil,satisfies,6,true
mordell_weil,elliptic_curve_rank,defines,6,true
elliptic_curve_rank,bsd_conjecture,motivates,8,true
elliptic_curves,bsd_conjecture,motivates,8,true
riemann_hypothesis,bsd_conjecture,analogous_to,6,true
modular_forms,taniyama_shimura,concerns,8,true
elliptic_curves,modular_forms,parametrized_by,8,true
prime_numbers,distribution_of_primes,motivates,3,true
distribution_of_primes,gauss_prime_conjecture,motivates,4,true
gauss_prime_conjecture,legendre_prime_conjecture,refines,4,true
distribution_of_primes,chebyshev_bounds,bounded_by,5,true
chebyshev_bounds,bertrand_postulate,proves,4,true
chebyshev_bounds,prime_number_theorem,motivates,5,true
gauss_prime_conjecture,prime_number_theorem,conjectures,6,true
euclid_infinitude_primes,euler_product_zeta,motivates,4,true
riemann_zeta_function,euler_product_zeta,defines,5,true
euler_product_zeta,euler_basel_problem,specializes,3,true
euler_basel_problem,zeta_special_values,generalizes,4,true
riemann_1859_paper,riemann_zeta_function,extends_to_complex_plane,7,true
riemann_1859_paper,riemann_functional_eq,proves,7,true
riemann_zeta_function,riemann_functional_eq,satisfies,5,true
riemann_functional_eq,riemann_xi_function,symmetrized_by,6,true
riemann_xi_function,riemann_hypothesis,restates,8,true
riemann_functional_eq,riemann_hypothesis,motivates,8,true
riemann_zeta_function,riemann_hypothesis,concerns,9,true
riemann_hypothesis,critical_line_theorem,partially_confirmed_by,7,true
riemann_1859_paper,explicit_formula_primes,conjectures,8,true
euler_product_zeta,prime_number_theorem,implies_via_analytic_methods,6,true
riemann_zeta_function,zero_free_region,determines,6,true
zero_free_region,de_la_vallee_poussin,enables,6,true
de_la_vallee_poussin,prime_number_theorem,proves,7,true
prime_number_theorem,erdos_selberg_elementary_pnt,reproved_by,8,true
prime_number_theorem,gauss_prime_conjecture,confirms,5,true
riemann_zeta_function,explicit_formula_primes,connects_to,6,true
explicit_formula_primes,prime_number_theorem,refines,6,true
riemann_hypothesis,explicit_formula_primes,would_sharpen,8,true
riemann_hypothesis,zero_free_region,would_optimize,8,true
riemann_hypothesis,montgomery_pair_correlation,motivates,8,true
montgomery_pair_correlation,hilbert_polya_conjecture,connects_to,8,true
riemann_hypothesis,hilbert_polya_conjecture,would_be_explained_by,9,true
riemann_hypothesis,generalized_riemann_hyp,generalizes,7,true
dirichlet_l_functions,generalized_riemann_hyp,concerns,6,true
modular_arithmetic,dirichlet_characters,generalizes_via,4,true
dirichlet_characters,dirichlet_l_functions,defines,5,true
dirichlet_l_functions,dirichlet_thm_primes_ap,proves,6,true
euclid_infinitude_primes,dirichlet_thm_primes_ap,generalizes,5,true
prime_numbers,goldbach_conjecture,motivates,4,true
goldbach_conjecture,weak_goldbach,implies,6,true
weak_goldbach,vinogradov_theorem,approached_by,6,true
vinogradov_theorem,helfgott_proof,completed_by,8,true
prime_numbers,twin_prime_conjecture,motivates,4,true
twin_prime_conjecture,hardy_littlewood_conjectures,generalized_by,6,true
twin_prime_conjecture,zhang_bounded_gaps,partially_resolves,6,true
zhang_bounded_gaps,maynard_tao_sieve,improved_by,8,true
maynard_tao_sieve,polymath_project,refined_by,7,true
fermat_last_theorem,abc_conjecture,connects_to,7,true
elliptic_curves,abc_conjecture,connects_to,7,true
abc_conjecture,mochizuki_iut,claimed_proof,10,true
algebraic_integers,algebraic_number_theory,founds,5,true
algebraic_number_theory,dedekind_domains,characterized_by,6,true
ideals,dedekind_domains,specializes,6,true
dedekind_domains,unique_factorization_ideals,proves,6,true
fundamental_thm_arithmetic,unique_factorization_ideals,generalized_by,5,true
dedekind_domains,ideal_class_group,defines,6,true
ideal_class_group,class_number_problem,motivates,7,true
algebraic_number_theory,class_field_theory,proves,6,true
dirichlet_l_functions,class_field_theory,connects_to,6,true
class_field_theory,kronecker_jugendtraum,motivates,7,true
class_field_theory,iwasawa_theory,generalizes,8,true
modular_arithmetic,padic_numbers,completed_to,5,true
padic_numbers,padic_analysis,founds,6,true
padic_numbers,local_global_principle,motivates,6,true
local_global_principle,hasse_minkowski,proves,6,true
hasse_minkowski,algebraic_number_theory,uses,5,true
class_field_theory,langlands_program,generalizes,8,true
taniyama_shimura,langlands_program,special_case_of,8,true
galois_theory,langlands_program,connects_to,8,true
langlands_program,automorphic_forms,concerns,8,true
modular_forms,automorphic_forms,generalized_by,7,true
automorphic_forms,galois_representations,conjecturally_correspond_to,8,true
gauss_prime_conjecture,riemann_hypothesis,sharpened_by,7,true
continued_fractions,transcendental_numbers,used_in,4,true
liouville_numbers,transcendental_numbers,witnesses,5,true
liouville_numbers,hermite_e_transcendental,precedes,5,true
hermite_e_transcendental,lindemann_pi_transcendental,generalized_by,6,true
lindemann_pi_transcendental,squaring_the_circle,resolves,5,true
euclid_axioms_geometry,squaring_the_circle,poses,3,true
hilbert_7th_problem,gelfond_schneider,resolves,7,true
lindemann_pi_transcendental,hilbert_7th_problem,motivates,6,true
continued_fractions,continued_fraction_diophantine_approx,founds,5,true
continued_fraction_diophantine_approx,roth_theorem,culminates_in,8,true
liouville_numbers,roth_theorem,sharpened_by,7,true
naturals,partition_function,counts,2,true
partition_function,hardy_ramanujan_asymptotic,asymptotically_solved_by,7,true
partition_function,ramanujan_congruences,satisfies,7,true
modular_forms,ramanujan_congruences,explains,7,true
continued_fractions,continuant_farey,connects_to,3,true
additive_number_theory,goldbach_conjecture,founds,4,true
additive_number_theory,partition_function,founds,3,true
additive_number_theory,waring_problem,founds,4,true
binary_operation,semigroups_monoids,axiomatizes,2,true
semigroups_monoids,group_axioms,extends,3,true
group_axioms,abelian_groups,specializes,2,true
abelian_groups,fund_thm_finite_abelian,classified_by,5,true
group_axioms,subgroup,defines,2,true
subgroup,lagrange_group_theorem,proves,3,true
group_axioms,cyclic_groups,specializes,2,true
group_axioms,dihedral_groups,specializes,2,true
group_axioms,homomorphism,defines,3,true
homomorphism,normal_subgroup_quotient,motivates,3,true
normal_subgroup_quotient,isomorphism_theorems,proves,4,true
noether_foundational_work,isomorphism_theorems,systematized_by,5,true
noether_foundational_work,commutative_algebra,founds,6,true
homomorphism,cayley_theorem,proves,3,true
group_axioms,symmetric_group,specializes,2,true
symmetric_group,cayley_theorem,target_of,4,true
symmetric_group,alternating_group,contains,3,true
group_axioms,group_action,generalizes,3,true
group_action,orbit_stabilizer,proves,4,true
orbit_stabilizer,burnside_lemma,used_in,4,true
group_action,sylow_theorems,proves,5,true
group_axioms,direct_semidirect_products,constructs,3,true
group_axioms,free_groups,generalized_from,4,true
free_groups,word_problem_groups,poses,8,true
recursion_theory,word_problem_groups,undecidable_via,8,true
sylow_theorems,simple_groups,analyzes,4,true
alternating_group,simple_groups,examples_of,4,true
simple_groups,feit_thompson,constrained_by,8,true
feit_thompson,classification_finite_simple,enables,9,true
simple_groups,classification_finite_simple,classifies,9,true
classification_finite_simple,sporadic_groups,identifies,8,true
sporadic_groups,monster_group,largest_of,9,true
group_axioms,galois_theory,applies_to,6,true
field_extensions,galois_theory,founds,6,true
galois_theory,galois_correspondence,proves,7,true
galois_correspondence,solvable_groups,characterizes,5,true
solvable_groups,abel_ruffini,proves,6,true
galois_theory,radical_extensions,characterizes,6,true
radical_extensions,abel_ruffini,proves,6,true
galois_correspondence,inverse_galois_problem,motivates,8,true
rings_axioms,polynomial_rings,specializes,2,true
rings_axioms,ideals,defines,2,true
ideals,quotient_rings,defines,3,true
ideals,pid_ufd,specializes,3,true
euclidean_domains,pid_ufd,implies,3,true
euclidean_algorithm,euclidean_domains,generalizes,4,true
fundamental_thm_arithmetic,pid_ufd,generalized_by,4,true
polynomial_rings,pid_ufd,examples_include,3,true
ideals,noetherian_rings,characterized_by,5,true
noetherian_rings,hilbert_basis_theorem,proves,5,true
polynomial_rings,hilbert_basis_theorem,concerns,5,true
rings_axioms,fields_axioms,specializes,2,true
fields_axioms,field_extensions,defines,3,true
field_extensions,algebraic_closure,completes,4,true
polynomial_rings,fund_thm_algebra,concerns,5,true
complex_numbers,fund_thm_algebra,algebraically_closes,4,true
algebraic_closure,fund_thm_algebra,exemplified_by,5,true
fields_axioms,finite_fields,specializes,3,true
finite_fields,linear_codes,used_in,4,true
field_extensions,splitting_fields,defines,4,true
splitting_fields,galois_theory,founds,6,true
field_extensions,separable_extensions,specializes,5,true
fields_axioms,vector_spaces,founds,2,true
vector_spaces,basis_dimension,defines,2,true
vector_spaces,linear_maps,defines,2,true
linear_maps,matrix_algebra,represents,2,true
matrix_algebra,determinants,defines,2,true
determinants,cayley_hamilton,used_in,4,true
matrix_algebra,eigen_theory,motivates,3,true
cayley_hamilton,eigen_theory,connects_to,4,true
eigen_theory,jordan_normal_form,generalizes,5,true
eigen_theory,spectral_theorem,generalizes,5,true
bilinear_quadratic_forms,spectral_theorem,connects_to,5,true
vector_spaces,tensor_products,generalizes,5,true
tensor_products,multilinear_algebra,founds,5,true
vector_spaces,modules_theory,generalized_by,4,true
rings_axioms,modules_theory,founds,4,true
pid_ufd,structure_thm_pid_modules,enables,6,true
modules_theory,structure_thm_pid_modules,classified_by,6,true
fund_thm_finite_abelian,structure_thm_pid_modules,special_case_of,6,true
group_action,representation_theory,founds,6,true
vector_spaces,representation_theory,founds,6,true
representation_theory,characters_of_groups,studied_via,6,true
characters_of_groups,maschke_theorem,relies_on,6,true
representation_theory,monster_group,connects_to,8,true
characters_of_groups,monster_group,used_in,8,true
group_axioms,lie_groups,generalizes,6,true
lie_groups,lie_algebras,linearizes,6,true
lie_algebras,classification_simple_lie_algebras,classified_by,9,true
classification_simple_lie_algebras,root_systems,uses,8,true
root_systems,exceptional_lie_groups,identifies,9,true
universal_algebra,group_axioms,generalizes,5,true
universal_algebra,rings_axioms,generalizes,5,true
universal_algebra,lattice_theory,connects_to,5,true
lattice_theory,boolean_lattices,specializes,5,true
logic_boolean_algebra,boolean_lattices,connects_to,5,true
boolean_lattices,topos_theory,generalized_by,7,true
group_axioms,category_theory,generalized_by,6,true
category_theory,functors_natural_transf,defines,4,true
functors_natural_transf,yoneda_lemma,proves,6,true
functors_natural_transf,adjoint_functors,defines,6,true
adjoint_functors,limits_colimits_cat,connects_to,6,true
category_theory,limits_colimits_cat,defines,6,true
category_theory,abelian_categories,specializes,6,true
modules_theory,abelian_categories,generalized_by,6,true
chain_complexes,homological_algebra,founds,6,true
abelian_categories,homological_algebra,founds,7,true
derived_functors,homological_algebra,specializes,7,true
chain_complexes,derived_functors,computed_via,7,true
derived_functors,spectral_sequences,computed_via,8,true
category_theory,topos_theory,generalizes,8,true
abelian_categories,derived_categories,generalizes,8,true
derived_categories,spectral_sequences,organizes,8,true
commutative_algebra,noetherian_rings,founds,5,true
polynomial_rings,nullstellensatz,concerns,6,true
algebraic_closure,nullstellensatz,requires,6,true
nullstellensatz,algebraic_geometry_varieties,founds,6,true
group_axioms,invariant_theory,acts_in,5,true
invariant_theory,hilbert_14th_problem,poses,6,true
hilbert_basis_theorem,hilbert_14th_problem,connects_to,6,true
finite_fields,linear_codes,founds,4,true
vector_spaces,linear_codes,founds,3,true
linear_codes,hamming_distance,measured_by,3,true
hamming_distance,hamming_code,used_in,4,true
linear_codes,hamming_code,specializes,3,true
hamming_distance,hamming_bound,bounds,4,true
linear_codes,hamming_bound,bounded_by,4,true
linear_codes,singleton_bound,bounded_by,4,true
linear_codes,gilbert_varshamov_bound,bounded_below_by,5,true
singleton_bound,reed_solomon,achieved_by,5,true
finite_fields,reed_solomon,used_in,5,true
polynomial_rings,reed_solomon,used_in,5,true
hamming_code,bch_codes,generalizes,4,true
cyclic_codes,bch_codes,specializes,4,true
ideals,cyclic_codes,correspond_to,5,true
bch_codes,reed_solomon,connects_to,4,true
golay_code,hamming_bound,achieves_equality_in,5,true
golay_code,golay_sporadic_link,reveals,8,true
sporadic_groups,golay_sporadic_link,constructed_from,8,true
shannon_entropy,shannon_channel_coding,founds,6,true
shannon_channel_coding,linear_codes,motivates,6,true
shannon_channel_coding,gilbert_varshamov_bound,motivates,6,true
bch_codes,ldpc_codes,precedes,5,true
shannon_channel_coding,ldpc_codes,motivates,6,true
ldpc_codes,turbo_codes,rivaled_by,6,true
shannon_channel_coding,polar_codes,achieved_by,7,true
algebraic_geometry_varieties,algebraic_geometry_codes,used_in,8,true
reed_solomon,algebraic_geometry_codes,generalized_by,7,true
modular_arithmetic,cryptography_basics,used_in,3,true
euler_theorem_totient,rsa_cryptosystem,underlies,6,true
primality_testing,rsa_cryptosystem,used_in,6,true
cryptography_basics,rsa_cryptosystem,specializes,5,true
discrete_log_problem,elliptic_curve_cryptography,underlies,6,true
elliptic_curves,elliptic_curve_cryptography,used_in,6,true
cryptography_basics,discrete_log_problem,relies_on_hardness_of,5,true
finite_fields,discrete_log_problem,defined_over,5,true
counting_principles,pigeonhole_principle,uses,2,true
counting_principles,permutations_combinations,founds,1,true
permutations_combinations,binomial_theorem,uses,2,true
binomial_theorem,pascals_triangle,visualized_by,1,true
permutations_combinations,generating_functions,encoded_by,4,true
counting_principles,inclusion_exclusion,extends,3,true
euler_totient_fn,inclusion_exclusion,computed_via,3,true
catalan_numbers,generating_functions,computed_via,4,true
permutations_combinations,catalan_numbers,counts,3,true
burnside_lemma,polya_enumeration,generalized_by,6,true
permutations_combinations,design_theory,generalizes,5,true
design_theory,latin_squares,specializes,3,true
design_theory,block_designs,specializes,5,true
finite_fields,block_designs,used_in,5,true
pigeonhole_principle,ramsey_theory,generalizes,5,true
ramsey_theory,ramsey_numbers,defines,7,true
graph_definitions,euler_konigsberg,motivates,2,true
euler_konigsberg,eulerian_hamiltonian,generalizes,3,true
graph_definitions,trees_graph_theory,specializes,3,true
trees_graph_theory,cayley_tree_formula,counted_by,4,true
permutations_combinations,cayley_tree_formula,used_in,4,true
graph_definitions,graph_coloring,defines,2,true
graph_coloring,chromatic_polynomial,generalized_by,4,true
graph_coloring,four_color_theorem,proves,6,true
ramsey_numbers,extremal_graph_theory,connects_to,5,true
extremal_graph_theory,turan_theorem,founds,5,true
graph_definitions,planar_graphs,specializes,3,true
eulers_formula_planar,planar_graphs,characterizes,4,true
planar_graphs,four_color_theorem,applies_to,6,true
planar_graphs,graph_minors_rs,generalizes,6,true
counting_principles,probabilistic_method,extends,5,true
probabilistic_method,ramsey_theory,used_in,5,true
probabilistic_method,random_graphs,founds,6,true
random_graphs,szemeredi_regularity,analyzed_via,8,true
extremal_graph_theory,szemeredi_regularity,generalizes,8,true
szemeredi_regularity,szemeredi_theorem,used_in,8,true
van_der_waerden,szemeredi_theorem,generalized_by,7,true
szemeredi_theorem,green_tao_theorem,generalized_by,9,true
dirichlet_thm_primes_ap,green_tao_theorem,inspires,8,true
prime_numbers,green_tao_theorem,concerns,9,true
graph_definitions,matroid_theory,generalized_by,6,true
vector_spaces,matroid_theory,generalizes_to,6,true
graph_definitions,network_flows,specializes,4,true
zeno_paradoxes,limits_epsilon_delta,motivates_resolution,3,true
limits_epsilon_delta,continuity,defines,2,true
continuity,uniform_continuity,strengthened_to,3,true
newton_leibniz_calculus,derivative_def,founds,3,true
continuity,derivative_def,founds,2,true
derivative_def,rolles_theorem,proves,2,true
rolles_theorem,mean_value_theorem,generalized_by,3,true
limits_epsilon_delta,riemann_integral,founds,3,true
mean_value_theorem,fundamental_thm_calculus,proves,3,true
riemann_integral,fundamental_thm_calculus,connects_to,3,true
cauchy_sequences,reals_construction,used_in,4,true
sequences_series,cauchy_sequences,specializes,3,true
sequences_series,uniform_convergence,refines,3,true
weierstrass_rigor,uniform_convergence,formalizes,4,true
weierstrass_rigor,limits_epsilon_delta,rigorizes,4,true
uniform_convergence,weierstrass_function,enables_pathology,5,true
continuity,weierstrass_function,challenged_by,5,true
sequences_series,power_series,specializes,3,true
power_series,taylor_series,generalizes,3,true
derivative_def,taylor_series,used_in,3,true
power_series,complex_analysis_holomorphy,motivates,4,true
continuity,complex_analysis_holomorphy,extends,4,true
complex_numbers,complex_analysis_holomorphy,founds,3,true
complex_analysis_holomorphy,cauchy_integral_theorem,proves,5,true
cauchy_integral_theorem,laurent_series,enables,5,true
laurent_series,residue_theorem,founds,5,true
cauchy_integral_theorem,residue_theorem,generalizes,5,true
complex_analysis_holomorphy,conformal_mapping,characterized_by,5,true
conformal_mapping,riemann_mapping_theorem,culminates_in,7,true
complex_analysis_holomorphy,analytic_continuation,enables,5,true
power_series,analytic_continuation,uses,4,true
analytic_continuation,riemann_surfaces,motivates,7,true
riemann_mapping_theorem,riemann_surfaces,generalized_by,7,true
analytic_continuation,riemann_zeta_function,extends,6,true
elliptic_functions,elliptic_curves,parametrizes,6,true
elliptic_functions,modular_functions_j_invariant,generalized_by,7,true
modular_functions_j_invariant,modular_forms,generalizes_to,7,true
riemann_surfaces,modular_functions_j_invariant,used_in,7,true
riemann_integral,measure_theory,generalized_by,4,true
cardinality,measure_theory,motivates,4,true
measure_theory,sigma_algebras,formalized_by,4,true
sigma_algebras,lebesgue_integral,founds,4,true
measure_theory,lebesgue_integral,founds,4,true
lebesgue_integral,convergence_theorems_measure,proves,5,true
lebesgue_integral,lp_spaces,founds,5,true
vector_spaces,functional_analysis_basics,generalizes,4,true
lp_spaces,functional_analysis_basics,examples_of,5,true
functional_analysis_basics,hahn_banach,proves,6,true
functional_analysis_basics,open_mapping_closed_graph,proves,6,true
functional_analysis_basics,hilbert_spaces,specializes,4,true
bilinear_quadratic_forms,hilbert_spaces,generalizes_to,5,true
hilbert_spaces,orthonormal_bases,structured_by,5,true
fourier_analysis,orthonormal_bases,example_of,4,true
linear_maps,bounded_linear_operators,generalized_by,5,true
hilbert_spaces,bounded_linear_operators,acted_on_by,5,true
hilbert_spaces,spectral_theory_operators,founds,7,true
eigen_theory,spectral_theory_operators,generalized_by,6,true
bounded_linear_operators,self_adjoint_operators,specializes,6,true
spectral_theory_operators,self_adjoint_operators,applies_to,7,true
bounded_linear_operators,c_star_algebras,generalized_by,8,true
self_adjoint_operators,c_star_algebras,axiomatized_by,8,true
power_series,fourier_analysis,generalizes,3,true
fourier_analysis,fourier_convergence_problem,poses,6,true
fourier_convergence_problem,carleson_theorem,resolved_by,8,true
lebesgue_integral,carleson_theorem,used_in,7,true
fourier_analysis,distributions_generalized_fns,motivates,6,true
distributions_generalized_fns,sobolev_spaces,used_in,6,true
lp_spaces,sobolev_spaces,founds,6,true
fourier_analysis,harmonic_analysis_abstract,generalized_by,7,true
group_axioms,harmonic_analysis_abstract,generalized_to,7,true
harmonic_analysis_abstract,pontryagin_duality,proves,8,true
real_analysis_metric_spaces,cauchy_sequences,generalizes,3,true
real_analysis_metric_spaces,functional_analysis_basics,founds,4,true
real_analysis_metric_spaces,banach_fixed_point,proves,4,true
banach_fixed_point,diophantine_equations,used_in,4,true
derivative_def,calculus_of_variations,generalized_by,5,true
calculus_of_variations,euler_lagrange_eq,proves,5,true
euler_lagrange_eq,differential_manifolds,used_in,6,true
euclid_axioms_geometry,euclid_elements,compiled_in,3,true
euclid_elements,parallel_postulate,includes,2,true
parallel_postulate,saccheri_attempts,motivates,3,true
saccheri_attempts,non_euclidean_geometry,precedes,4,true
parallel_postulate,non_euclidean_geometry,independence_motivates,5,true
non_euclidean_geometry,hyperbolic_geometry,includes,5,true
non_euclidean_geometry,elliptic_geometry,includes,5,true
group_axioms,klein_erlangen_program,used_in,6,true
klein_erlangen_program,projective_geometry,unifies,5,true
klein_erlangen_program,hyperbolic_geometry,unifies,5,true
non_euclidean_geometry,riemannian_geometry,generalizes,6,true
riemannian_geometry,riemannian_metric_tensor,defined_by,6,true
riemannian_metric_tensor,gauss_curvature,generalizes,6,true
gauss_curvature,riemannian_geometry,motivates,5,true
riemannian_metric_tensor,geodesics,defines,5,true
riemannian_metric_tensor,curvature_tensor_ricci,generalized_by,7,true
gauss_curvature,curvature_tensor_ricci,generalizes,6,true
curvature_tensor_ricci,gauss_bonnet_theorem,connects_to,7,true
euler_konigsberg,gauss_bonnet_theorem,topologically_related_to,5,true
curvature_tensor_ricci,general_relativity_geometry,used_in,8,true
general_relativity_geometry,einstein_field_equations,formalized_by,8,true
tensor_products,curvature_tensor_ricci,used_in,6,true
differential_manifolds,riemannian_geometry,founds,6,true
point_set_topology,differential_manifolds,founds,5,true
differential_manifolds,tangent_bundles,defines,6,true
tangent_bundles,differential_forms,dualizes_to,6,true
differential_forms,stokes_theorem_general,proves,6,true
fundamental_thm_calculus,stokes_theorem_general,generalizes_to,5,true
differential_forms,de_rham_cohomology,computes,7,true
de_rham_cohomology,cohomology_theory,instance_of,7,true
point_set_topology,hausdorff_spaces,refines,4,true
point_set_topology,continuity_topological,founds,3,true
continuity,continuity_topological,generalizes,4,true
point_set_topology,compactness,defines,4,true
compactness,heine_borel,characterized_by,4,true
point_set_topology,connectedness,defines,3,true
continuity_topological,homotopy,founds,4,true
homotopy,covering_spaces,classified_by,6,true
homotopy,van_kampen_theorem,computed_via,6,true
covering_spaces,van_kampen_theorem,used_in,6,true
homotopy,homology_theory,generalized_by,5,true
homology_theory,cohomology_theory,dualized_by,7,true
homology_theory,eilenberg_steenrod_axioms,axiomatized_by,8,true
cohomology_theory,eilenberg_steenrod_axioms,axiomatized_by,8,true
homotopy,homotopy_groups_higher,generalized_by,7,true
differential_manifolds,fiber_bundles,generalizes_to,7,true
fiber_bundles,characteristic_classes,classified_by,8,true
cohomology_theory,characteristic_classes,valued_in,8,true
k_theory,characteristic_classes,generalizes,8,true
fiber_bundles,k_theory,classifies,9,true
k_theory,atiyah_singer_index,used_in,9,true
de_rham_cohomology,atiyah_singer_index,connects_to,9,true
homotopy,poincare_conjecture,motivates,8,true
differential_manifolds,poincare_conjecture,concerns,8,true
classification_surfaces,poincare_conjecture,motivates_3d_analog,7,true
homology_theory,classification_surfaces,used_in,6,true
riemannian_geometry,ricci_flow_hamilton,used_in,8,true
curvature_tensor_ricci,ricci_flow_hamilton,evolves,8,true
ricci_flow_hamilton,perelman_ricci_flow,completed_by,9,true
poincare_conjecture,perelman_ricci_flow,proved_by,10,true
perelman_ricci_flow,geometrization_conjecture,proves,10,true
poincare_conjecture,geometrization_conjecture,special_case_of,8,true
classification_3manifolds,geometrization_conjecture,resolved_by,9,true
classification_surfaces,classification_3manifolds,generalizes_to,8,true
differential_manifolds,smooth_4manifolds,specializes,8,true
k_theory,smooth_4manifolds,used_in,9,true
homotopy_groups_higher,exotic_spheres,motivates,8,true
differential_manifolds,exotic_spheres,concerns,8,true
graph_definitions,knot_theory,generalizes_to,5,true
homology_theory,knot_theory,used_in,6,true
knot_theory,jones_polynomial,invariant_of,7,true
representation_theory,jones_polynomial,used_in,7,true
homology_theory,hodge_theory,refined_by,8,true
de_rham_cohomology,hodge_theory,decomposed_by,8,true
hodge_theory,hodge_conjecture,motivates,9,true
algebraic_geometry_varieties,hodge_conjecture,concerns,8,true
rings_axioms,algebraic_geometry_varieties,founds,5,true
nullstellensatz,algebraic_geometry_varieties,founds,6,true
algebraic_geometry_varieties,projective_varieties,specializes,6,true
projective_geometry,projective_varieties,founds,5,true
projective_varieties,bezout_theorem_ag,satisfies,6,true
riemann_surfaces,riemann_roch_theorem,concerns,7,true
bezout_theorem_ag,riemann_roch_theorem,connects_to,7,true
riemann_roch_theorem,grothendieck_riemann_roch,generalized_by,9,true
algebraic_geometry_varieties,grothendieck_schemes,generalizes,8,true
grothendieck_schemes,grothendieck_riemann_roch,used_in,9,true
category_theory,sheaf_theory,used_in,7,true
sheaf_theory,grothendieck_schemes,founds,8,true
sheaf_theory,etale_cohomology,generalized_by,9,true
grothendieck_schemes,etale_cohomology,founds,9,true
finite_fields,weil_conjectures,concerns,6,true
etale_cohomology,weil_conjectures,proves,9,true
grothendieck_schemes,weil_conjectures,proves,9,true
homology_theory,weil_conjectures,used_in,8,true
weil_conjectures,deligne_weil_proof,completed_by,10,true
riemann_hypothesis,deligne_weil_proof,analogous_to,8,true
algebraic_geometry_varieties,moduli_spaces,generalizes_to,8,true
elliptic_curves,moduli_spaces,example_of,7,true
algebraic_geometry_varieties,mirror_symmetry,concerns,8,true
category_theory,mirror_symmetry,used_in,7,true
calabi_conjecture,calabi_yau_manifolds,proves_existence_of,9,true
riemannian_geometry,calabi_conjecture,concerns,8,true
calabi_yau_manifolds,mirror_symmetry,central_to,9,true
minimal_model_program,algebraic_geometry_varieties,classifies,9,true
grothendieck_schemes,minimal_model_program,used_in,9,true
derivative_def,ode_basics,founds,3,true
ode_basics,picard_lindelof,proves,4,true
banach_fixed_point,picard_lindelof,used_in,4,true
ode_basics,linear_odes_systems,specializes,4,true
matrix_algebra,linear_odes_systems,used_in,4,true
ode_basics,pde_basics,generalized_by,4,true
pde_basics,laplace_equation,specializes,4,true
pde_basics,heat_equation,specializes,4,true
pde_basics,wave_equation,specializes,4,true
fourier_analysis,heat_equation,solves,5,true
fourier_analysis,wave_equation,solves,5,true
heat_equation,separation_of_variables,solved_by,3,true
wave_equation,separation_of_variables,solved_by,3,true
separation_of_variables,sturm_liouville_theory,generalized_by,6,true
orthonormal_bases,sturm_liouville_theory,used_in,5,true
laplace_equation,greens_functions,solved_by,5,true
distributions_generalized_fns,greens_functions,formalized_by,5,true
elliptic_pde_theory,laplace_equation,generalizes,6,true
sobolev_spaces,weak_solutions_pde,used_in,6,true
distributions_generalized_fns,weak_solutions_pde,founds,6,true
weak_solutions_pde,elliptic_pde_theory,used_in,7,true
sobolev_spaces,sobolev_embedding,proves,7,true
sobolev_embedding,elliptic_pde_theory,used_in,7,true
euler_fluid_equations,navier_stokes_eqs,extended_by,6,true
pde_basics,navier_stokes_eqs,specializes,6,true
weak_solutions_pde,navier_stokes_eqs,used_in,7,true
navier_stokes_eqs,navier_stokes,poses,10,true
sobolev_spaces,navier_stokes,used_in,8,true
fundamental_thm_calculus,navier_stokes,founds,5,true
functional_analysis_basics,navier_stokes,used_in,6,true
vector_spaces,maxwell_equations,formalizes,4,true
differential_forms,maxwell_equations,reformulates,6,true
calculus_of_variations,classical_mechanics_lagrangian,founds,5,true
euler_lagrange_eq,classical_mechanics_lagrangian,governs,5,true
classical_mechanics_lagrangian,hamiltonian_mechanics,reformulated_as,6,true
hamiltonian_mechanics,symplectic_geometry,founds,7,true
differential_forms,symplectic_geometry,used_in,7,true
euler_lagrange_eq,noethers_theorem,generalized_by,7,true
group_axioms,noethers_theorem,used_in,6,true
hilbert_spaces,quantum_mechanics_formalism,founds,7,true
self_adjoint_operators,quantum_mechanics_formalism,represents_observables_in,7,true
quantum_mechanics_formalism,schrodinger_equation,governed_by,6,true
heat_equation,schrodinger_equation,analogous_to,6,true
quantum_mechanics_formalism,quantum_field_theory_math,generalized_by,8,true
distributions_generalized_fns,quantum_field_theory_math,used_in,7,true
lie_groups,gauge_theory,used_in,7,true
fiber_bundles,gauge_theory,formalizes,8,true
gauge_theory,yang_mills_equations,generalizes,8,true
quantum_field_theory_math,yang_mills_equations,used_in,8,true
yang_mills_equations,yang_mills_mass_gap,poses,10,true
lie_groups,yang_mills_mass_gap,founds,7,true
spectral_theory_operators,yang_mills_mass_gap,connects_to,7,true
representation_theory,yang_mills_mass_gap,used_in,7,true
quantum_field_theory_math,string_theory_math,generalized_by,9,true
riemann_surfaces,string_theory_math,used_in,8,true
calabi_yau_manifolds,string_theory_math,used_in,9,true
mirror_symmetry,string_theory_math,arises_in,9,true
counting_principles,classical_probability,founds,2,true
combinatorial_probability,classical_probability,formalizes,2,true
permutations_combinations,combinatorial_probability,used_in,2,true
classical_probability,random_variables,generalized_by,3,true
random_variables,expectation_variance,defines,2,true
classical_probability,bernoulli_law_large_numbers,proves,4,true
bernoulli_law_large_numbers,de_moivre_laplace,sharpened_by,4,true
de_moivre_laplace,normal_distribution,characterizes,3,true
normal_distribution,central_limit_theorem,target_of,5,true
de_moivre_laplace,central_limit_theorem,special_case_of,5,true
measure_theory,kolmogorov_axioms,used_in,5,true
kolmogorov_axioms,probability_measure_spaces,formalized_by,5,true
sigma_algebras,probability_measure_spaces,used_in,5,true
bernoulli_law_large_numbers,strong_law_large_numbers,strengthened_by,6,true
probability_measure_spaces,strong_law_large_numbers,proved_in,6,true
probability_measure_spaces,central_limit_theorem,rigorized_by,6,true
random_variables,random_walks,sequences_of,4,true
random_walks,markov_chains,generalized_by,4,true
random_walks,brownian_motion_math,scaling_limit_of,6,true
measure_theory,brownian_motion_math,used_in,6,true
markov_chains,stochastic_processes,example_of,5,true
brownian_motion_math,stochastic_processes,example_of,5,true
stochastic_processes,martingales,specializes,6,true
martingales,stochastic_calculus_ito,used_in,8,true
lebesgue_integral,stochastic_calculus_ito,generalized_by,7,true
brownian_motion_math,stochastic_calculus_ito,integrated_against,7,true
stochastic_calculus_ito,stochastic_differential_eqs,founds,8,true
ode_basics,stochastic_differential_eqs,generalized_by,6,true
stochastic_differential_eqs,black_scholes,used_in,7,true
heat_equation,black_scholes,analogous_to,6,true
probability_measure_spaces,ergodic_theory,founds,7,true
measure_theory,ergodic_theory,founds,6,true
kolmogorov_axioms,statistical_inference,founds,4,true
classical_probability,bayes_theorem,proves,3,true
statistical_inference,hypothesis_testing,formalized_by,5,true
statistical_inference,maximum_likelihood,specializes,5,true
statistical_inference,regression_analysis,specializes,4,true
maximum_likelihood,information_theory_fisher,analyzed_via,6,true
ode_basics,dynamical_systems_basics,generalized_by,4,true
dynamical_systems_basics,poincare_qualitative_theory,founds,6,true
poincare_qualitative_theory,three_body_problem,motivated_by,8,true
hamiltonian_mechanics,three_body_problem,governs,7,true
three_body_problem,kam_theory,motivates,9,true
stability_theory_odes,dynamical_systems_basics,analyzes,5,true
dynamical_systems_basics,fixed_points_bifurcation,studies,5,true
stability_theory_odes,fixed_points_bifurcation,used_in,5,true
fixed_points_bifurcation,chaos_theory,motivates,6,true
dynamical_systems_basics,chaos_theory,specializes,6,true
chaos_theory,lorenz_attractor,exemplified_by,6,true
navier_stokes_eqs,lorenz_attractor,simplified_model_of,6,true
fixed_points_bifurcation,logistic_map,exemplified_by,5,true
logistic_map,feigenbaum_constants,exhibits,7,true
chaos_theory,feigenbaum_constants,quantified_by,7,true
chaos_theory,fractals_geometry,connects_to,5,true
fractals_geometry,mandelbrot_julia_sets,exemplified_by,7,true
logistic_map,mandelbrot_julia_sets,connects_to,7,true
fractals_geometry,hausdorff_dimension,measured_by,6,true
measure_theory,hausdorff_dimension,generalizes_to,6,true
three_body_problem,kam_theory,resolved_partially_by,9,true
hamiltonian_mechanics,kam_theory,used_in,8,true
dynamical_systems_basics,smale_horseshoe,exemplified_by,7,true
smale_horseshoe,chaos_theory,rigorously_demonstrates,7,true
real_analysis_metric_spaces,numerical_analysis_basics,founds,3,true
derivative_def,newtons_method,used_in,3,true
banach_fixed_point,newtons_method,convergence_analyzed_via,4,true
polynomial_rings,interpolation_theory,used_in,3,true
interpolation_theory,numerical_integration,used_in,4,true
riemann_integral,numerical_integration,approximates,3,true
interpolation_theory,gaussian_quadrature,used_in,5,true
orthonormal_bases,gaussian_quadrature,used_in,5,true
matrix_algebra,numerical_linear_algebra,founds,4,true
euclidean_algorithm,gaussian_elimination,analogous_to,3,true
numerical_linear_algebra,gaussian_elimination,founds,3,true
gaussian_elimination,iterative_methods_linalg,complemented_by,5,true
hilbert_spaces,iterative_methods_linalg,used_in,5,true
pde_basics,finite_difference_methods,discretized_by,5,true
finite_difference_methods,numerical_stability_theory,analyzed_via,6,true
weak_solutions_pde,finite_element_methods,discretized_by,6,true
sobolev_spaces,finite_element_methods,used_in,6,true
numerical_stability_theory,finite_element_methods,governs,6,true
fourier_analysis,fast_fourier_transform,computed_via,6,true
gauss_sums,fast_fourier_transform,precursor_to,5,true
reals_construction,floating_point_arithmetic,approximated_by,4,true
classical_probability,monte_carlo_methods,used_in,5,true
random_walks,monte_carlo_methods,used_in,5,true
calculus_of_variations,optimization_theory,generalizes,4,true
optimization_theory,linear_programming,specializes,5,true
optimization_theory,convex_optimization,specializes,6,true
hahn_banach,convex_optimization,used_in,6,true
euler_lagrange_eq,karush_kuhn_tucker,generalized_by,6,true
convex_optimization,karush_kuhn_tucker,characterized_by,6,true
derivative_def,gradient_descent,used_in,4,true
optimization_theory,gradient_descent,specializes,4,true
babylonian_mathematics,babylonian_quadratics,develops,3,true
babylonian_quadratics,diophantine_equations,precedes,3,true
egyptian_mathematics,egyptian_fractions,develops,2,true
egyptian_fractions,rationals,precedes,2,true
chinese_mathematics_nine_chapters,gaussian_elimination,precedes,4,true
chinese_mathematics_nine_chapters,chinese_remainder_origin,includes,4,true
chinese_remainder_origin,chinese_remainder_thm,originates,4,true
chinese_mathematics_nine_chapters,liu_hui_pi,commented_by,4,true
liu_hui_pi,euclid_axioms_geometry,parallels,3,true
babylonian_mathematics,indian_mathematics_zero,precedes,3,true
indian_mathematics_zero,brahmagupta_rules,formalized_by,4,true
brahmagupta_rules,integers,precedes,3,true
indian_mathematics_zero,aryabhata_trigonometry,includes,4,true
aryabhata_trigonometry,fourier_analysis,distant_precursor_to,3,true
aryabhata_trigonometry,kerala_school_infinite_series,develops_into,6,true
kerala_school_infinite_series,taylor_series,anticipates,6,true
kerala_school_infinite_series,power_series,anticipates,5,true
indian_mathematics_zero,islamic_golden_age_algebra,transmitted_to,4,true
babylonian_quadratics,islamic_golden_age_algebra,systematized_by,5,true
islamic_golden_age_algebra,islamic_algorithm_etymology,named_in,2,true
islamic_golden_age_algebra,diophantine_equations,systematizes,4,true
islamic_golden_age_algebra,omar_khayyam_cubics,extended_by,5,true
islamic_golden_age_algebra,al_karaji_induction,extended_by,4,true
al_karaji_induction,binomial_theorem,precedes,3,true
al_karaji_induction,transfinite_induction,distant_precursor_to,3,true
islamic_golden_age_algebra,fibonacci_liber_abaci,transmitted_via,4,true
indian_mathematics_zero,fibonacci_liber_abaci,transmitted_via,4,true
fibonacci_liber_abaci,fibonacci_sequence,introduces_to_europe,2,true
fibonacci_sequence,continued_fractions,connects_to,3,true
omar_khayyam_cubics,cardano_cubic_formula,precedes,5,true
cardano_cubic_formula,complex_numbers,motivates,4,true
cardano_cubic_formula,ferrari_quartic_formula,extended_by,5,true
ferrari_quartic_formula,abel_ruffini,motivates_search_resolved_by,5,true
